epoch,auc,loss,precision,recall,recall_1,val_auc,val_loss,val_precision,val_recall,val_recall_1
0,1.0,3.710496821440756e-05,0.9994313716888428,0.9991878271102905,1.0,0.9998010396957397,0.0001852156565291807,0.9949475526809692,0.9992193579673767,0.9996097087860107
1,1.0000001192092896,2.7921911168959923e-05,0.9999188184738159,0.9998782277107239,1.0,0.9998011589050293,0.0001752298849169165,0.9949436187744141,0.9984387159347534,0.9996097087860107
2,1.0000001192092896,2.6698931833379902e-05,0.9998369812965393,0.9997962117195129,1.0,0.9998011589050293,0.00016735719691496342,0.9961059093475342,0.9984387159347534,0.9996097087860107
3,1.0000001192092896,2.2572810848942026e-05,0.9998782277107239,0.9997971057891846,1.0,0.9998029470443726,0.00016152180614881217,0.9957181811332703,0.9984387159347534,0.9996097087860107
4,0.9999999403953552,2.4547771317884326e-05,0.9996766448020935,0.9996766448020935,1.0,0.9998029470443726,0.00015273313329089433,0.996493935585022,0.9984387159347534,0.9996097087860107
5,1.0000001192092896,2.0092251361347735e-05,0.9997149705886841,0.9997149705886841,1.0,0.9998030066490173,0.00014224558253772557,0.9964966773986816,0.9992193579673767,0.9996097087860107
6,1.0,1.787857399904169e-05,0.9999593496322632,0.9997966289520264,1.0,0.9998028874397278,0.00020236179989296943,0.9957115054130554,0.9968774318695068,0.9996097087860107
7,0.9999999403953552,1.6808231521281414e-05,0.9997569918632507,0.9997569918632507,1.0,0.999802827835083,0.00023452076129615307,0.9949337244033813,0.9964871406555176,0.9988290667533875
8,1.0,1.4384088899532799e-05,0.9998774528503418,0.9999182820320129,1.0,0.9998027086257935,0.00028093133005313575,0.9949317574501038,0.9960967898368835,0.9988290667533875
9,1.0000001192092896,1.192506078950828e-05,0.999959409236908,0.999959409236908,1.0,0.9998027682304382,0.00023442295787390321,0.9953216314315796,0.9964871406555176,0.9988290667533875
10,1.0,1.841851553763263e-05,0.999634325504303,0.9996749758720398,1.0,0.9998027086257935,0.00023023401445243508,0.9949337244033813,0.9964871406555176,0.9988290667533875
11,1.0,1.8315520719625056e-05,0.9997159838676453,0.9995537996292114,1.0,0.9998028874397278,0.00020537069940473884,0.9957098364830017,0.9964871406555176,0.9988290667533875
12,1.0,1.208695084642386e-05,0.9997972846031189,0.9997972846031189,1.0,0.999800980091095,0.0002877192455343902,0.9953179955482483,0.9957064986228943,0.9980484247207642
13,0.9999999403953552,1.4664230548078194e-05,0.9997150897979736,0.9997150897979736,1.0,0.9998027086257935,0.00027177456649951637,0.9953197836875916,0.9960967898368835,0.9980484247207642
14,1.0000001192092896,1.5799876564415172e-05,0.9996342658996582,0.999674916267395,1.0,0.9994088411331177,0.0003358896356076002,0.9941497445106506,0.994925856590271,0.9976580739021301
15,1.0,2.810794103424996e-05,0.9993929862976074,0.9991908669471741,0.999919056892395,0.9994089007377625,0.00037050366518087685,0.9937597513198853,0.994535505771637,0.9972677826881409
16,0.9999998807907104,1.0923910849669483e-05,0.9999185800552368,0.9999185800552368,1.0,0.999213695526123,0.00040514577995054424,0.9937597513198853,0.994535505771637,0.9964871406555176
17,1.0000001192092896,9.752400728757493e-06,0.9999184608459473,0.9999184608459473,1.0,0.9992136359214783,0.0003594578301999718,0.9949278235435486,0.9953161478042603,0.9964871406555176
18,1.0,1.7293807104579173e-05,0.9996773600578308,0.9996370077133179,1.0,0.999213695526123,0.0003898259892594069,0.9933697581291199,0.9941452145576477,0.9964871406555176
19,0.9999999403953552,8.970661838247906e-06,0.9998775720596313,0.9998775720596313,1.0,0.999409019947052,0.00027682160725817084,0.9957064986228943,0.9957064986228943,0.9976580739021301
20,0.9999998807907104,1.945922485901974e-05,0.9995530247688293,0.9995123744010925,0.9998781085014343,0.9994091391563416,0.0002171358501072973,0.9972667098045349,0.9968774318695068,0.9980484247207642
21,0.9999999403953552,7.863670361984987e-06,0.9999187588691711,0.9999187588691711,1.0,0.9994091391563416,0.00024214557197410613,0.9972667098045349,0.9968774318695068,0.9972677826881409
22,1.0,6.931054031156236e-06,1.0,1.0,1.0,0.9994090795516968,0.00028008598019368947,0.9972667098045349,0.9968774318695068,0.9972677826881409
23,0.9999999403953552,7.88660236139549e-06,0.9999191164970398,0.9998787045478821,1.0,0.999409019947052,0.00032180649577639997,0.994925856590271,0.994925856590271,0.9972677826881409
24,1.0,9.20615730137797e-06,0.9999592900276184,0.9999186396598816,1.0,0.9994090795516968,0.00027718726778402925,0.9957064986228943,0.9957064986228943,0.9972677826881409
25,1.0,7.1272538662014995e-06,0.9999594688415527,0.9999594688415527,1.0,0.9994091391563416,0.00023945311841089278,0.9976571798324585,0.9972677826881409,0.9976580739021301
26,1.0,6.290898454608396e-06,0.9999593496322632,0.9999593496322632,1.0,0.9994092583656311,0.0002025980211328715,0.9976571798324585,0.9972677826881409,0.9980484247207642
27,0.9999999403953552,1.1114118933619466e-05,0.9997562766075134,0.9997156262397766,1.0,0.9994092583656311,0.0001900303177535534,0.9972677826881409,0.9972677826881409,0.9984387159347534
28,0.9999999403953552,1.375541523884749e-05,0.9996337890625,0.9996337890625,0.9999592900276184,0.9994127750396729,0.00017868704162538052,0.9980476498603821,0.9976580739021301,0.9984387159347534
29,0.9999998807907104,2.4458549887640402e-05,0.9993125200271606,0.9993529319763184,0.9999595880508423,0.9994109272956848,0.00022464517678599805,0.9972667098045349,0.9968774318695068,0.9976580739021301
30,0.9999998807907104,1.465166042180499e-05,0.9995928406715393,0.9996742010116577,0.9999592900276184,0.9994109869003296,0.00019406390492804348,0.997268795967102,0.9976580739021301,0.9980484247207642
31,1.0000001192092896,1.356114080408588e-05,0.9997966885566711,0.9997966885566711,0.9999186992645264,0.9994109869003296,0.00019139137293677777,0.9980476498603821,0.9976580739021301,0.9980484247207642
32,1.0000001192092896,1.0431544978928287e-05,0.9998784065246582,0.9997973442077637,1.0,0.9994109869003296,0.0001901468203868717,0.9980476498603821,0.9976580739021301,0.9984387159347534
33,0.9999999403953552,5.770607913291315e-06,0.9999592900276184,0.9999592900276184,1.0,0.9994109869003296,0.00018085162446368486,0.9976571798324585,0.9972677826881409,0.9984387159347534
34,0.9999999403953552,5.658739155478543e-06,0.9999186992645264,0.9999186992645264,1.0,0.9994109869003296,0.00021343000116758049,0.997268795967102,0.9976580739021301,0.9976580739021301
35,1.0,4.992304184270324e-06,1.0,1.0,1.0,0.9994109869003296,0.00019969884306192398,0.9980476498603821,0.9976580739021301,0.9980484247207642
36,0.9999999403953552,5.8003397498396225e-06,1.0,1.0,1.0,0.9994110465049744,0.00020342055358923972,0.9972667098045349,0.9968774318695068,0.9976580739021301
37,1.0,4.134492883167695e-06,1.0,1.0,1.0,0.9994109869003296,0.00020521994156297296,0.9972667098045349,0.9968774318695068,0.9980484247207642
38,1.0,5.103161583974725e-06,1.0,1.0,1.0,0.9994145035743713,0.0001830111868912354,0.9972667098045349,0.9968774318695068,0.9984387159347534
39,1.0,5.150952347321436e-06,0.9999592900276184,0.9999592900276184,1.0,0.9994145035743713,0.00021345374989323318,0.9972667098045349,0.9968774318695068,0.9976580739021301
40,1.0000001192092896,7.2568859650345985e-06,0.9998782277107239,0.9998782277107239,1.0,0.9998047351837158,0.00019021054322365671,0.9972667098045349,0.9968774318695068,0.9976580739021301
41,1.0000001192092896,1.1821125553979073e-05,0.999635636806488,0.9995951652526855,1.0,0.9994145035743713,0.0001972031604964286,0.9972667098045349,0.9968774318695068,0.9976580739021301
42,1.0,1.7706632206682116e-05,0.9997143745422363,0.9996328353881836,0.9998776316642761,0.9994145035743713,0.00019000214524567127,0.9972667098045349,0.9968774318695068,0.9980484247207642
43,0.9999999403953552,7.6102032835478894e-06,0.999959409236908,0.999959409236908,0.999959409236908,0.9994145035743713,0.00023245626653078943,0.9968774318695068,0.9968774318695068,0.9976580739021301
44,1.0000001192092896,3.6961487239750568e-06,1.0,1.0,1.0,0.9994144439697266,0.00021750552696175873,0.9972667098045349,0.9968774318695068,0.9976580739021301
45,1.0000001192092896,3.3653693662927253e-06,1.0,1.0,1.0,0.9994144439697266,0.00021054293029010296,0.9972667098045349,0.9968774318695068,0.9976580739021301
46,1.0,3.4893262181867613e-06,1.0,1.0,1.0,0.9998047947883606,0.00018973964324686676,0.9972667098045349,0.9968774318695068,0.9976580739021301
47,0.9999999403953552,3.1148376820056e-06,1.0,1.0,1.0,0.9998047351837158,0.000160691182827577,0.9976571798324585,0.9972677826881409,0.9976580739021301
48,1.0,3.3747721772670047e-06,1.0,1.0,1.0,0.9998047947883606,0.00015229648852255195,0.9980476498603821,0.9976580739021301,0.9976580739021301
49,0.9999999403953552,3.6098460896027973e-06,1.0,1.0,1.0,0.9998047947883606,0.0001741252635838464,0.9976562261581421,0.9968774318695068,0.9976580739021301
50,0.9999998807907104,1.4366662071552128e-05,0.9995507001876831,0.9996323585510254,1.0,0.9998047947883606,0.00016138855426106602,0.9980476498603821,0.9976580739021301,0.9976580739021301
51,0.9999999403953552,5.585472081293119e-06,0.9998781085014343,0.9998781085014343,1.0,0.9994145035743713,0.00014811413711868227,0.9980476498603821,0.9976580739021301,0.9984387159347534
52,1.0,3.4767883789754706e-06,1.0,1.0,1.0,0.9998048543930054,0.00014082145935390145,0.9976562261581421,0.9968774318695068,0.9984387159347534
53,0.9999998807907104,3.0673904802824836e-06,1.0,1.0,1.0,0.9994145035743713,0.00015612458810210228,0.9980476498603821,0.9976580739021301,0.9980484247207642
54,1.0,3.866025508614257e-06,1.0,1.0,1.0,0.9998047947883606,0.00010854187712538987,0.9980476498603821,0.9976580739021301,0.9984387159347534
55,1.0,2.647137307576486e-06,1.0,1.0,1.0,0.9998047947883606,0.00010001520422520116,0.9976580739021301,0.9976580739021301,0.9992193579673767
56,1.0,2.014974370467826e-06,1.0,1.0,1.0,0.9998048543930054,9.859156853053719e-05,0.9976589679718018,0.9980484247207642,0.9992193579673767
57,1.0,1.9169162897014758e-06,1.0,1.0,1.0,0.9998048543930054,8.521645941073075e-05,0.9984387159347534,0.9984387159347534,0.9992193579673767
58,1.0,1.8554280813987134e-06,1.0,1.0,1.0,0.9998048543930054,8.532665378879756e-05,0.9984387159347534,0.9984387159347534,0.9992193579673767
59,0.9999999403953552,1.8497206610845751e-06,1.0,1.0,1.0,0.9998048543930054,7.521985389757901e-05,0.9992193579673767,0.9992193579673767,0.9992193579673767
60,1.0,1.6469854244860471e-06,1.0,1.0,1.0,0.9998047947883606,7.216066296678036e-05,0.9992193579673767,0.9992193579673767,0.9992193579673767
61,1.0,1.61472371473792e-06,1.0,1.0,1.0,0.9998048543930054,7.568024011561647e-05,0.9992193579673767,0.9992193579673767,0.9992193579673767
62,1.0,1.5594545175190433e-06,1.0,1.0,1.0,0.9998047947883606,6.812572974013165e-05,0.9992193579673767,0.9992193579673767,0.9992193579673767
63,1.0,2.027836217166623e-06,1.0,1.0,1.0,0.9998047947883606,7.226939487736672e-05,0.9992193579673767,0.9992193579673767,0.9992193579673767
64,0.9999999403953552,1.8198985571871162e-06,1.0,1.0,1.0,0.9998048543930054,8.634594269096851e-05,0.9984381198883057,0.9980484247207642,0.9992193579673767
65,1.0,1.6656225625411025e-06,1.0,1.0,1.0,0.9998048543930054,8.579971472499892e-05,0.9984387159347534,0.9984387159347534,0.9992193579673767
66,1.0,1.2347467190920725e-06,1.0,1.0,1.0,0.9998048543930054,8.670338138472289e-05,0.9984381198883057,0.9980484247207642,0.9992193579673767
67,0.9999999403953552,1.2788935919161304e-06,1.0,1.0,1.0,0.9998048543930054,8.185129991034046e-05,0.9992190599441528,0.9988290667533875,0.9992193579673767
68,0.9999998807907104,2.1805217329529114e-06,1.0,1.0,1.0,0.9998047947883606,7.890740380389616e-05,0.9984387159347534,0.9984387159347534,0.9992193579673767
69,0.9999999403953552,9.054561814991757e-06,0.9997565150260925,0.9997159242630005,0.999959409236908,0.9998048543930054,0.00011129456106573343,0.9976580739021301,0.9976580739021301,0.9992193579673767
70,0.9999794363975525,2.7608053642325103e-05,0.9993112683296204,0.9994732141494751,0.9998379349708557,0.999609649181366,7.3235496529378e-05,0.9988294839859009,0.9992193579673767,0.9992193579673767
71,0.9999999403953552,1.2335783139860723e-05,0.9998779892921448,0.9996746778488159,0.9999186396598816,0.9998047947883606,0.00011559818813111633,0.9980476498603821,0.9976580739021301,0.9984387159347534
72,1.0000001192092896,6.05899322181358e-06,0.9999593496322632,0.9998779892921448,1.0,0.9998047947883606,0.00013400320312939584,0.9976580739021301,0.9976580739021301,0.9980484247207642
73,1.0,5.804707598144887e-06,0.9998780488967896,0.9998780488967896,1.0,0.9998048543930054,9.100026363739744e-05,0.9980484247207642,0.9980484247207642,0.9992193579673767
74,0.9999389052391052,2.9846025427104905e-05,0.9995536804199219,0.9995536804199219,0.9997159838676453,0.9998047947883606,9.071015665540472e-05,0.9976580739021301,0.9976580739021301,0.9992193579673767
75,1.0000001192092896,6.7304267759027425e-06,0.9998378157615662,0.9998783469200134,1.0,0.9998047947883606,9.456634143134579e-05,0.9984387159347534,0.9984387159347534,0.9984387159347534
76,0.9999999403953552,1.0013469363912009e-05,0.9997560977935791,0.9997155070304871,0.9999593496322632,0.9998047947883606,0.00011445744166849181,0.9984387159347534,0.9984387159347534,0.9984387159347534
77,0.9999999403953552,2.27671698667109e-05,0.9995941519737244,0.9995941519737244,0.9998376369476318,0.9998012781143188,0.0001455747988075018,0.9976599216461182,0.9984387159347534,0.9984387159347534
78,1.0,8.094602890196256e-06,0.999836802482605,0.9999184012413025,1.0,0.9998047947883606,0.0001553749170852825,0.9976580739021301,0.9976580739021301,0.9980484247207642
79,1.0,2.9431810162350303e-06,1.0,0.9999595880508423,1.0,0.9998047947883606,0.00013679386756848544,0.9976580739021301,0.9976580739021301,0.9984387159347534
80,0.9999999403953552,2.3043307919579092e-06,1.0,1.0,1.0,0.9998048543930054,0.00011515101505210623,0.9980484247207642,0.9980484247207642,0.9984387159347534
81,1.0,2.403463440714404e-06,1.0,1.0,1.0,0.9998048543930054,0.00011453527986304834,0.9984381198883057,0.9980484247207642,0.9984387159347534
82,1.0000001192092896,3.044607183255721e-06,1.0,0.9999592304229736,1.0,0.9998047947883606,0.00012331247853580862,0.9984387159347534,0.9984387159347534,0.9984387159347534
83,1.0,1.4962597560952418e-06,1.0,1.0,1.0,0.9998047947883606,0.00011756245658034459,0.9984387159347534,0.9984387159347534,0.9984387159347534
84,1.0000001192092896,1.492530714131135e-06,1.0,1.0,1.0,0.9998047947883606,0.00011379951320122927,0.9984387159347534,0.9984387159347534,0.9984387159347534
85,1.0,1.6059009340096964e-06,1.0,1.0,1.0,0.9998047947883606,0.00011598096170928329,0.9984387159347534,0.9984387159347534,0.9984387159347534
86,1.0000001192092896,1.863198122009635e-06,1.0,1.0,1.0,0.9998048543930054,0.00010264383308822289,0.9984387159347534,0.9984387159347534,0.9984387159347534
87,1.0,1.3643540341945481e-06,1.0,1.0,1.0,0.9998048543930054,9.074341505765915e-05,0.9984387159347534,0.9984387159347534,0.9992193579673767
88,1.0,1.32382876927295e-06,1.0,1.0,1.0,0.9998048543930054,9.561994374962524e-05,0.9984387159347534,0.9984387159347534,0.9984387159347534
89,1.0,1.1863605777762132e-06,1.0,1.0,1.0,0.9998048543930054,8.876669744495302e-05,0.9984387159347534,0.9984387159347534,0.9992193579673767
90,1.0,1.3058406693744473e-06,1.0,1.0,1.0,0.9998048543930054,8.836478082230315e-05,0.9984387159347534,0.9984387159347534,0.9992193579673767
91,1.0,9.679753247837652e-07,1.0,1.0,1.0,0.9996097087860107,7.881495548645034e-05,0.9984387159347534,0.9984387159347534,0.9992193579673767
92,1.0,1.053415758178744e-06,1.0,1.0,1.0,0.9996097087860107,7.872282731113955e-05,0.9984381198883057,0.9980484247207642,0.9992193579673767
93,1.0,1.0321480203856481e-06,1.0,1.0,1.0,0.9996097087860107,7.25695863366127e-05,0.9992193579673767,0.9992193579673767,0.9992193579673767
94,1.0,1.1386148344172398e-06,1.0,1.0,1.0,0.999609649181366,7.928762352094054e-05,0.9984387159347534,0.9984387159347534,0.9992193579673767
95,0.9999999403953552,9.964251148630865e-07,1.0,1.0,1.0,0.999609649181366,8.373922173632309e-05,0.9984387159347534,0.9984387159347534,0.9992193579673767
96,1.0,9.961692057913751e-07,1.0,1.0,1.0,0.9996097087860107,7.584916602354497e-05,0.9984387159347534,0.9984387159347534,0.9992193579673767
97,0.9999999403953552,1.0367580216552597e-06,1.0,1.0,1.0,0.999609649181366,7.985509000718594e-05,0.9984387159347534,0.9984387159347534,0.9992193579673767
98,1.0000001192092896,1.0526520100029302e-06,1.0,1.0,1.0,0.999609649181366,6.976724398555234e-05,0.9992193579673767,0.9992193579673767,0.9992193579673767
99,1.0000001192092896,9.611759423933108e-07,1.0,1.0,1.0,0.999609649181366,7.012787682469934e-05,0.9992193579673767,0.9992193579673767,0.9992193579673767
100,1.0000001192092896,1.324981667494285e-06,1.0,1.0,1.0,0.999609649181366,6.61672092974186e-05,0.9992193579673767,0.9992193579673767,0.9992193579673767
101,0.9999999403953552,1.0053432788481587e-06,1.0,1.0,1.0,0.999609649181366,6.668444984825328e-05,0.9992193579673767,0.9992193579673767,0.9992193579673767
102,1.0,8.659532682031568e-07,1.0,1.0,1.0,0.999609649181366,6.657663470832631e-05,0.9992193579673767,0.9992193579673767,0.9992193579673767
103,1.0,7.328325182243134e-07,1.0,1.0,1.0,0.999609649181366,6.581614434253424e-05,0.9992193579673767,0.9992193579673767,0.9992193579673767
104,1.0,7.858167236918234e-07,1.0,1.0,1.0,0.999609649181366,6.642156222369522e-05,0.9992193579673767,0.9992193579673767,0.9992193579673767
105,1.0,7.435062343574828e-07,1.0,1.0,1.0,0.9996097087860107,6.676639168290421e-05,0.9992193579673767,0.9992193579673767,0.9992193579673767
106,1.0,1.1470626759546576e-06,1.0,1.0,1.0,0.9996097087860107,6.606084207305685e-05,0.9992193579673767,0.9992193579673767,0.9992193579673767
107,1.0,1.628582595003536e-06,1.0,1.0,1.0,0.9996097087860107,6.432144436985254e-05,0.9992193579673767,0.9992193579673767,0.9992193579673767
108,1.0,7.893112297097105e-07,1.0,1.0,1.0,0.9996097087860107,6.548788223881274e-05,0.9992193579673767,0.9992193579673767,0.9992193579673767
109,0.9999999403953552,8.058440243985387e-07,1.0,1.0,1.0,0.999609649181366,6.454193498939276e-05,0.9992193579673767,0.9992193579673767,0.9992193579673767
110,1.0,8.300015110762615e-07,1.0,1.0,1.0,0.999609649181366,6.485766061814502e-05,0.9992193579673767,0.9992193579673767,0.9992193579673767
111,1.0,7.868990223869332e-07,1.0,1.0,1.0,0.999609649181366,6.482628668891266e-05,0.9992193579673767,0.9992193579673767,0.9992193579673767
112,1.0,8.360619858649443e-07,1.0,1.0,1.0,0.999609649181366,6.618441693717614e-05,0.9992193579673767,0.9992193579673767,0.9992193579673767
113,1.0000001192092896,7.510123509746336e-07,1.0,1.0,1.0,0.999609649181366,6.672205199720338e-05,0.9992193579673767,0.9992193579673767,0.9992193579673767
114,1.0000001192092896,5.912451115364092e-07,1.0,1.0,1.0,0.999609649181366,6.686173583148047e-05,0.9992193579673767,0.9992193579673767,0.9992193579673767
115,1.0,6.32883768503234e-07,1.0,1.0,1.0,0.999609649181366,6.803395081078634e-05,0.9992193579673767,0.9992193579673767,0.9992193579673767
116,1.0,7.196886713245476e-07,1.0,1.0,1.0,0.9996097087860107,6.625905371038243e-05,0.9992193579673767,0.9992193579673767,0.9992193579673767
117,1.0,5.151352979737567e-07,1.0,1.0,1.0,0.999609649181366,6.680801016045734e-05,0.9992193579673767,0.9992193579673767,0.9992193579673767
118,1.0,7.162061592680402e-07,1.0,1.0,1.0,0.9996097087860107,6.765690341126174e-05,0.9992193579673767,0.9992193579673767,0.9992193579673767
119,1.0000001192092896,7.380604643003608e-07,1.0,1.0,1.0,0.999609649181366,6.672713061561808e-05,0.9992193579673767,0.9992193579673767,0.9992193579673767
120,1.0,6.189440568959981e-07,1.0,1.0,1.0,0.999609649181366,6.761362601537257e-05,0.9992193579673767,0.9992193579673767,0.9992193579673767
121,1.0,8.223464078582765e-07,1.0,1.0,1.0,0.9996097087860107,6.631998985540122e-05,0.9992193579673767,0.9992193579673767,0.9992193579673767
122,1.0,6.778197985113366e-07,1.0,1.0,1.0,0.9996097087860107,6.65375409880653e-05,0.9992193579673767,0.9992193579673767,0.9992193579673767
123,0.9999999403953552,5.579497042162984e-07,1.0,1.0,1.0,0.9996097087860107,6.668417336186394e-05,0.9992193579673767,0.9992193579673767,0.9992193579673767
124,1.0,6.649896704402636e-07,1.0,1.0,1.0,0.999609649181366,6.708006549160928e-05,0.9992193579673767,0.9992193579673767,0.9992193579673767
125,1.0,5.459660314954817e-07,1.0,1.0,1.0,0.9996097087860107,6.692238093819469e-05,0.9992193579673767,0.9992193579673767,0.9992193579673767
126,1.0,7.063235898385756e-07,1.0,1.0,1.0,0.999609649181366,6.769078026991338e-05,0.9992193579673767,0.9992193579673767,0.9992193579673767
127,0.9999999403953552,1.1761688938349835e-06,1.0,1.0,1.0,0.9996097087860107,7.664369331905618e-05,0.9984387159347534,0.9984387159347534,0.9992193579673767
128,1.0,8.508529845130397e-07,1.0,1.0,1.0,0.9996097087860107,8.447202708339319e-05,0.9984387159347534,0.9984387159347534,0.9992193579673767
129,1.0,4.989683475287165e-07,1.0,1.0,1.0,0.9996097087860107,7.641861884621903e-05,0.9992193579673767,0.9992193579673767,0.9992193579673767
130,1.0,5.051138600720151e-07,1.0,1.0,1.0,0.9996097087860107,7.862648635637015e-05,0.9992190599441528,0.9988290667533875,0.9992193579673767
131,1.0,6.945755899323558e-07,1.0,1.0,1.0,0.9996097087860107,7.32782282284461e-05,0.9992193579673767,0.9992193579673767,0.9992193579673767
132,0.9999999403953552,4.534043966941681e-07,1.0,1.0,1.0,0.9996097087860107,7.414761785184965e-05,0.9992193579673767,0.9992193579673767,0.9992193579673767
133,1.0,5.200615760259097e-07,1.0,1.0,1.0,0.9996097087860107,7.08672814653255e-05,0.9992193579673767,0.9992193579673767,0.9992193579673767
134,1.0,4.929211172566283e-07,1.0,1.0,1.0,0.9996097087860107,7.422775524901226e-05,0.9992193579673767,0.9992193579673767,0.9992193579673767
135,1.0,6.28581460659916e-07,1.0,1.0,1.0,0.9996097087860107,6.82366153341718e-05,0.9992193579673767,0.9992193579673767,0.9992193579673767
136,1.0,7.023423336249834e-07,1.0,1.0,1.0,0.9996097087860107,6.846473115729168e-05,0.9992193579673767,0.9992193579673767,0.9992193579673767
137,1.0,4.0271370949085394e-07,1.0,1.0,1.0,0.9996097087860107,6.814915832364932e-05,0.9992193579673767,0.9992193579673767,0.9992193579673767
138,1.0,4.245070783781557e-07,1.0,1.0,1.0,0.9996097087860107,6.829003541497514e-05,0.9992193579673767,0.9992193579673767,0.9992193579673767
139,1.0,4.218197204863827e-07,1.0,1.0,1.0,0.9996097087860107,6.856858090031892e-05,0.9992193579673767,0.9992193579673767,0.9992193579673767
140,1.0,4.195325402633898e-07,1.0,1.0,1.0,0.9996097087860107,6.838991248514503e-05,0.9992193579673767,0.9992193579673767,0.9992193579673767
141,1.0,4.163081257502199e-07,1.0,1.0,1.0,0.9996097087860107,6.917472637724131e-05,0.9992193579673767,0.9992193579673767,0.9992193579673767
142,1.0,6.732974497936084e-07,1.0,1.0,1.0,0.9996097087860107,6.839812704129145e-05,0.9992193579673767,0.9992193579673767,0.9992193579673767
143,1.0,5.593350351773552e-07,1.0,1.0,1.0,0.9996097087860107,6.880536238895729e-05,0.9992193579673767,0.9992193579673767,0.9992193579673767
144,0.9999999403953552,4.170375405010418e-07,1.0,1.0,1.0,0.9996097087860107,6.954415584914386e-05,0.9992193579673767,0.9992193579673767,0.9992193579673767
145,1.0,4.206594041988865e-07,1.0,1.0,1.0,0.9996097087860107,7.205095607787371e-05,0.9992193579673767,0.9992193579673767,0.9992193579673767
146,0.9999999403953552,4.2608263584043016e-07,1.0,1.0,1.0,0.9996097087860107,6.965360807953402e-05,0.9992193579673767,0.9992193579673767,0.9992193579673767
147,0.9999999403953552,4.938187885272782e-07,1.0,1.0,1.0,0.9996097087860107,6.855196261312813e-05,0.9992193579673767,0.9992193579673767,0.9992193579673767
148,1.0,3.80764618057583e-07,1.0,1.0,1.0,0.9996097087860107,7.034863665467128e-05,0.9992193579673767,0.9992193579673767,0.9992193579673767
149,1.0,7.850246106499981e-07,1.0,1.0,1.0,0.9996097087860107,6.922626198502257e-05,0.9992193579673767,0.9992193579673767,0.9992193579673767
150,1.0,5.943353471593582e-07,1.0,1.0,1.0,0.9996097087860107,6.941850006114691e-05,0.9992193579673767,0.9992193579673767,0.9992193579673767
151,1.0,3.671986803510663e-07,1.0,1.0,1.0,0.9996097087860107,7.008253305684775e-05,0.9992193579673767,0.9992193579673767,0.9992193579673767
152,1.0,3.562765584774752e-07,1.0,1.0,1.0,0.9996097087860107,7.037764589767903e-05,0.9992193579673767,0.9992193579673767,0.9992193579673767
153,0.9999999403953552,5.774581950390711e-07,1.0,1.0,1.0,0.9996097087860107,6.959991151234135e-05,0.9992193579673767,0.9992193579673767,0.9992193579673767
154,0.9999591708183289,1.9097189579042606e-05,0.9997169971466064,0.9997169971466064,0.9997978210449219,0.9992192983627319,0.00017195810505654663,0.998046875,0.9972677826881409,0.9976580739021301
155,0.9999384880065918,3.7650508602382615e-05,0.9994292259216309,0.9990626573562622,0.9996331930160522,0.9996097087860107,0.00012609720579348505,0.9980491399765015,0.9984387159347534,0.9984387159347534
156,0.9999999403953552,7.156413175835041e-06,0.9999188780784607,0.9999188780784607,0.999959409236908,0.9996097087860107,9.586165833752602e-05,0.9972730875015259,0.9992193579673767,0.9992193579673767
157,0.9999999403953552,1.5064054423419293e-05,0.9995523691177368,0.9996337294578552,0.9999185800552368,0.9996097087860107,6.812025822000578e-05,0.9996095299720764,0.9992193579673767,0.9992193579673767
158,0.9999998807907104,1.856490780483e-05,0.999474048614502,0.9994335770606995,0.999919056892395,0.999609649181366,0.00011152693332405761,0.9980476498603821,0.9976580739021301,0.9992193579673767
159,0.9999999403953552,2.4282138838316314e-05,0.999512255191803,0.9993903636932373,0.9998374581336975,0.999609649181366,0.00012132564734201878,0.9988285899162292,0.9984387159347534,0.9984387159347534
160,0.9999999403953552,1.0430883776280098e-05,0.9996352791786194,0.9997973442077637,0.9999594688415527,0.9996097087860107,8.374893513973802e-05,0.9988285899162292,0.9984387159347534,0.9992193579673767
161,1.0000001192092896,1.7493974837634596e-06,1.0,1.0,1.0,0.9996097087860107,6.761289114365354e-05,0.9992190599441528,0.9988290667533875,0.9992193579673767
162,1.0,1.47434263908508e-06,1.0,1.0,1.0,0.9996097087860107,5.939961920375936e-05,0.9996095299720764,0.9992193579673767,0.9992193579673767
163,1.0,7.486011668333958e-07,1.0,1.0,1.0,0.9996097087860107,6.440262222895399e-05,0.9996093511581421,0.9988290667533875,0.9992193579673767
164,1.0,8.684875183462282e-07,1.0,1.0,1.0,0.9996097087860107,6.42553495708853e-05,0.9996093511581421,0.9988290667533875,0.9992193579673767
165,0.9999999403953552,9.569408803145052e-07,1.0,1.0,1.0,0.9996097087860107,6.279415538301691e-05,0.9996095299720764,0.9992193579673767,0.9992193579673767
166,1.0,6.081689889469999e-07,1.0,1.0,1.0,0.9996097087860107,6.171062705107033e-05,0.9996095299720764,0.9992193579673767,0.9992193579673767
167,1.0,7.177028464866453e-07,1.0,1.0,1.0,0.9996097087860107,6.077499710954726e-05,0.9996095299720764,0.9992193579673767,0.9992193579673767
168,1.0,7.699554771534167e-07,1.0,1.0,1.0,0.9996097087860107,6.156380550237373e-05,0.9996095299720764,0.9992193579673767,0.9992193579673767
169,1.0000001192092896,5.21205777204159e-07,1.0,1.0,1.0,0.9996097087860107,6.362226122291759e-05,0.9996095299720764,0.9992193579673767,0.9992193579673767
170,1.0,6.137648256299144e-07,1.0,1.0,1.0,0.9996097087860107,6.318280065897852e-05,0.9996095299720764,0.9992193579673767,0.9992193579673767
171,1.0,1.234305841535388e-06,1.0,1.0,1.0,0.9996097087860107,6.331935583148152e-05,0.9996095299720764,0.9992193579673767,0.9992193579673767
172,1.0,7.399682999675861e-07,1.0,1.0,1.0,0.9996097087860107,6.640869105467573e-05,0.9996095299720764,0.9992193579673767,0.9992193579673767
173,1.0,6.336072146950755e-07,1.0,1.0,1.0,0.9996097087860107,6.31549846730195e-05,0.9996095299720764,0.9992193579673767,0.9992193579673767
174,1.0000001192092896,5.772072881882195e-07,1.0,1.0,1.0,0.9996097087860107,6.499024311779067e-05,0.9996095299720764,0.9992193579673767,0.9992193579673767
175,1.0,4.3824815065818257e-07,1.0,1.0,1.0,0.9996097087860107,6.507150101242587e-05,0.9996095299720764,0.9992193579673767,0.9992193579673767
176,0.9999999403953552,4.987023771718668e-07,1.0,1.0,1.0,0.9996097087860107,6.61662343190983e-05,0.9996095299720764,0.9992193579673767,0.9992193579673767
177,1.0,5.188646241549577e-07,1.0,1.0,1.0,0.9996097087860107,6.751066393917426e-05,0.9996095299720764,0.9992193579673767,0.9992193579673767
178,1.0000001192092896,5.359490273804113e-07,1.0,1.0,1.0,0.9996097087860107,6.800708069931716e-05,0.9996095299720764,0.9992193579673767,0.9992193579673767
179,0.9999999403953552,4.192782796508254e-07,1.0,1.0,1.0,0.9996097087860107,6.748367013642564e-05,0.9996095299720764,0.9992193579673767,0.9992193579673767
180,1.0,3.9254109651665203e-07,1.0,1.0,1.0,0.9996097087860107,6.794401269871742e-05,0.9996095299720764,0.9992193579673767,0.9992193579673767
181,1.0,4.2971421976290003e-07,1.0,1.0,1.0,0.9996097087860107,6.974528514547274e-05,0.9996095299720764,0.9992193579673767,0.9992193579673767
182,1.0,4.822322239306231e-07,1.0,1.0,1.0,0.9996097087860107,6.704874249408022e-05,0.9996095299720764,0.9992193579673767,0.9992193579673767
183,1.0,5.600190888799261e-07,1.0,1.0,1.0,0.9996097087860107,6.814963126089424e-05,0.9996095299720764,0.9992193579673767,0.9992193579673767
184,0.9999999403953552,5.580187689702143e-07,1.0,1.0,1.0,0.9996097087860107,6.920892337802798e-05,0.9996095299720764,0.9992193579673767,0.9992193579673767
185,1.0,4.3108707359351683e-07,1.0,1.0,1.0,0.9996097087860107,6.935781129868701e-05,0.9996095299720764,0.9992193579673767,0.9992193579673767
186,1.0,4.1290502394986106e-07,1.0,1.0,1.0,0.9996097087860107,6.905214104335755e-05,0.9996095299720764,0.9992193579673767,0.9992193579673767
187,1.0000001192092896,3.5557823707677017e-07,1.0,1.0,1.0,0.9996097087860107,6.978274177527055e-05,0.9996095299720764,0.9992193579673767,0.9992193579673767
188,1.0,3.572104390059394e-07,1.0,1.0,1.0,0.9996097087860107,7.016385643510148e-05,0.9996095299720764,0.9992193579673767,0.9992193579673767
189,1.0,5.94334608194913e-07,1.0,1.0,1.0,0.9996097087860107,6.880744331283495e-05,0.9996095299720764,0.9992193579673767,0.9992193579673767
190,1.0,5.335937203199137e-07,1.0,1.0,1.0,0.9996097087860107,6.99876036378555e-05,0.9996095299720764,0.9992193579673767,0.9992193579673767
191,1.0,8.510225484315015e-07,1.0,1.0,1.0,0.9996097087860107,7.85111915320158e-05,0.9992193579673767,0.9992193579673767,0.9992193579673767
192,0.9999999403953552,1.1859806363645475e-06,1.0,1.0,1.0,0.9996097087860107,6.889527139719576e-05,0.9996095299720764,0.9992193579673767,0.9992193579673767
193,1.0,3.5304790344525827e-06,0.9999180436134338,0.9999180436134338,1.0,0.9996097087860107,8.699493628228083e-05,0.9988290667533875,0.9988290667533875,0.9992193579673767
194,1.0000001192092896,2.8096862934035016e-06,0.9999594688415527,0.9999594688415527,1.0,0.9996097087860107,8.048279414651915e-05,0.9996093511581421,0.9988290667533875,0.9992193579673767
195,0.9999794363975525,1.5671583241783082e-05,0.999716579914093,0.999635636806488,0.9998785257339478,0.9994145631790161,0.000148236402310431,0.9984375238418579,0.9976580739021301,0.9984387159347534
196,0.9999999403953552,1.9921742932638153e-05,0.9996327757835388,0.9994288682937622,0.9997960329055786,0.9996097087860107,0.0001226915919687599,0.9980476498603821,0.9976580739021301,0.9988290667533875
197,0.9999998807907104,1.1147273653477896e-05,0.9996753931045532,0.9996753931045532,1.0,0.9996097087860107,0.0001518080389359966,0.9980476498603821,0.9976580739021301,0.9984387159347534
198,1.0,1.5157908137553022e-06,1.0,1.0,1.0,0.9996097087860107,0.0001515191252110526,0.9980476498603821,0.9976580739021301,0.9980484247207642
199,0.9999999403953552,4.849560468755953e-07,1.0,1.0,1.0,0.9996097087860107,0.0001325880002696067,0.9980476498603821,0.9976580739021301,0.9984387159347534
200,1.0,5.073988518233818e-07,1.0,1.0,1.0,0.9996097087860107,0.00012505803897511214,0.9980476498603821,0.9976580739021301,0.9984387159347534
201,0.9999999403953552,4.581700068229111e-07,1.0,1.0,1.0,0.9996097087860107,0.00010398236190667376,0.9984381198883057,0.9980484247207642,0.9992193579673767
202,1.0,6.279992135205248e-07,1.0,1.0,1.0,0.9996097087860107,9.73204878391698e-05,0.9988285899162292,0.9984387159347534,0.9992193579673767
203,1.0,5.670682412528549e-07,1.0,1.0,1.0,0.9996097087860107,8.345660899067298e-05,0.9996093511581421,0.9988290667533875,0.9992193579673767
204,0.9999999403953552,3.6096687949793704e-07,1.0,1.0,1.0,0.9996097087860107,7.631189509993419e-05,0.9996095299720764,0.9992193579673767,0.9992193579673767
205,1.0,3.935415975320211e-07,1.0,1.0,1.0,0.9996097087860107,7.579650991829112e-05,0.9996095299720764,0.9992193579673767,0.9992193579673767
206,1.0,4.002837385996827e-07,1.0,1.0,1.0,0.9996097087860107,7.395898137474433e-05,0.9996095299720764,0.9992193579673767,0.9992193579673767
207,1.0,4.241233284574264e-07,1.0,1.0,1.0,0.9996097087860107,7.317575364140794e-05,0.9996095299720764,0.9992193579673767,0.9992193579673767
208,1.0,4.899966370430775e-07,1.0,1.0,1.0,0.9996097087860107,7.168792944867164e-05,0.9996095299720764,0.9992193579673767,0.9992193579673767
209,1.0,4.784905627275293e-07,1.0,1.0,1.0,0.9996097087860107,7.100437505869195e-05,0.9996095299720764,0.9992193579673767,0.9992193579673767
210,1.0,4.54052326404053e-07,1.0,1.0,1.0,0.9996097087860107,7.053064473439008e-05,0.9992193579673767,0.9992193579673767,0.9992193579673767
211,0.9999999403953552,5.657194037667068e-07,1.0,1.0,1.0,0.9996097087860107,7.205874135252088e-05,0.9992193579673767,0.9992193579673767,0.9992193579673767
212,1.0,4.3089994505862705e-07,1.0,1.0,1.0,0.9996097087860107,6.921173917362466e-05,0.9992193579673767,0.9992193579673767,0.9992193579673767
213,1.0,3.361636800036649e-07,1.0,1.0,1.0,0.9996097087860107,6.941830361029133e-05,0.9992193579673767,0.9992193579673767,0.9992193579673767
214,1.0,3.7612926462315954e-07,1.0,1.0,1.0,0.9996097087860107,6.973458221182227e-05,0.9992193579673767,0.9992193579673767,0.9992193579673767
215,1.0,3.130650725324813e-07,1.0,1.0,1.0,0.9996097087860107,6.932252290425822e-05,0.9992193579673767,0.9992193579673767,0.9992193579673767
216,1.0,3.411520594909234e-07,1.0,1.0,1.0,0.9996097087860107,6.920161104062572e-05,0.9992193579673767,0.9992193579673767,0.9992193579673767
217,1.0000001192092896,3.59665591531666e-07,1.0,1.0,1.0,0.9996097087860107,6.901109736645594e-05,0.9992193579673767,0.9992193579673767,0.9992193579673767
218,1.0,2.8720677391902427e-07,1.0,1.0,1.0,0.9996097087860107,6.886263872729614e-05,0.9992193579673767,0.9992193579673767,0.9992193579673767
219,1.0,3.5745108561968664e-07,1.0,1.0,1.0,0.9996097087860107,6.924887566128746e-05,0.9992193579673767,0.9992193579673767,0.9992193579673767
220,1.0,2.74491924301401e-07,1.0,1.0,1.0,0.9996097087860107,6.927877984708175e-05,0.9992193579673767,0.9992193579673767,0.9992193579673767
221,1.0000001192092896,3.4191845088571426e-07,1.0,1.0,1.0,0.9996097087860107,6.964858766878024e-05,0.9992193579673767,0.9992193579673767,0.9992193579673767
222,1.0,3.8207113561838923e-07,1.0,1.0,1.0,0.9996097087860107,6.901424785610288e-05,0.9992193579673767,0.9992193579673767,0.9992193579673767
223,1.0,2.9035862780801835e-07,1.0,1.0,1.0,0.9996097087860107,6.860556459287181e-05,0.9992193579673767,0.9992193579673767,0.9992193579673767
224,1.0,3.974691367147898e-07,1.0,1.0,1.0,0.9996097087860107,6.908988143550232e-05,0.9992193579673767,0.9992193579673767,0.9992193579673767
225,1.0000001192092896,2.910888383667043e-07,1.0,1.0,1.0,0.9996097087860107,6.872158701298758e-05,0.9992193579673767,0.9992193579673767,0.9992193579673767
226,1.0,3.275857523021841e-07,1.0,1.0,1.0,0.9996097087860107,6.871695222798735e-05,0.9992193579673767,0.9992193579673767,0.9992193579673767
227,1.0,2.9933056566733285e-07,1.0,1.0,1.0,0.9996097087860107,6.819421832915395e-05,0.9992193579673767,0.9992193579673767,0.9992193579673767
228,1.0,2.9864702355553163e-07,1.0,1.0,1.0,0.9996097087860107,6.882150773890316e-05,0.9992193579673767,0.9992193579673767,0.9992193579673767
229,1.0,3.5140143950229685e-07,1.0,1.0,1.0,0.9996097087860107,6.846957694506273e-05,0.9992193579673767,0.9992193579673767,0.9992193579673767
230,1.0,3.0227201364141365e-07,1.0,1.0,1.0,0.9996097087860107,6.919391307746992e-05,0.9992193579673767,0.9992193579673767,0.9992193579673767
231,1.0,3.5607786230684724e-07,1.0,1.0,1.0,0.9996097087860107,6.918828148627654e-05,0.9992193579673767,0.9992193579673767,0.9992193579673767
232,1.0,2.5530579250698793e-07,1.0,1.0,1.0,0.9996097087860107,6.865004979772493e-05,0.9992193579673767,0.9992193579673767,0.9992193579673767
233,1.0,3.319634060972021e-07,1.0,1.0,1.0,0.9996097087860107,6.84554033796303e-05,0.9992193579673767,0.9992193579673767,0.9992193579673767
234,1.0,2.7379994094189897e-07,1.0,1.0,1.0,0.9996097087860107,6.86649073031731e-05,0.9992193579673767,0.9992193579673767,0.9992193579673767
235,1.0,2.646457630817167e-07,1.0,1.0,1.0,0.9996097087860107,6.86750645400025e-05,0.9992193579673767,0.9992193579673767,0.9992193579673767
236,1.0,2.855938134871394e-07,1.0,1.0,1.0,0.9996097087860107,6.859030690975487e-05,0.9992193579673767,0.9992193579673767,0.9992193579673767
237,0.9999999403953552,3.2466553534504783e-07,1.0,1.0,1.0,0.9996097087860107,6.829787162132561e-05,0.9992193579673767,0.9992193579673767,0.9992193579673767
238,1.0,2.719841063480999e-07,1.0,1.0,1.0,0.9996097087860107,6.874842074466869e-05,0.9992193579673767,0.9992193579673767,0.9992193579673767
239,1.0,3.499088165881403e-07,1.0,1.0,1.0,0.9996097087860107,6.945199857000262e-05,0.9992193579673767,0.9992193579673767,0.9992193579673767
240,1.0000001192092896,2.9954958336020354e-07,1.0,1.0,1.0,0.9996097087860107,6.951558316359296e-05,0.9992193579673767,0.9992193579673767,0.9992193579673767
241,1.0000001192092896,2.572218988916575e-07,1.0,1.0,1.0,0.9996097087860107,7.051447028061375e-05,0.9992193579673767,0.9992193579673767,0.9992193579673767
242,1.0,3.109168176251842e-07,1.0,1.0,1.0,0.9996097087860107,7.016962626948953e-05,0.9992193579673767,0.9992193579673767,0.9992193579673767
243,1.0,2.7686616022037924e-07,1.0,1.0,1.0,0.9996097087860107,6.966543151065707e-05,0.9992193579673767,0.9992193579673767,0.9992193579673767
244,1.0,2.548880786434893e-07,1.0,1.0,1.0,0.9996097087860107,6.99936063028872e-05,0.9992193579673767,0.9992193579673767,0.9992193579673767
245,1.0,4.043808132792037e-07,1.0,1.0,1.0,0.9996097087860107,7.100026414263994e-05,0.9992193579673767,0.9992193579673767,0.9992193579673767
246,0.9999999403953552,3.067652016852662e-07,1.0,1.0,1.0,0.9996097087860107,6.94402406224981e-05,0.9992193579673767,0.9992193579673767,0.9992193579673767
247,0.9999999403953552,6.491285944321135e-07,1.0,1.0,1.0,0.9996097087860107,0.0001074343454092741,0.9984387159347534,0.9984387159347534,0.9988290667533875
248,0.9999793767929077,2.6104666176252067e-05,0.9995518326759338,0.9993075728416443,0.9997963309288025,0.9996097087860107,7.597268995596096e-05,0.9992193579673767,0.9992193579673767,0.9992193579673767
249,0.9999999403953552,1.2461972801247612e-05,0.9995540380477905,0.9997161626815796,1.0,0.9996097087860107,8.03836082923226e-05,0.9984399080276489,0.9992193579673767,0.9992193579673767
250,0.9999794960021973,3.683711838675663e-05,0.9991023540496826,0.9991023540496826,0.9995103478431702,0.9996097087860107,0.00010328836651751772,0.9984375238418579,0.9976580739021301,0.9984387159347534
251,1.0,1.3416172805591486e-05,0.9997566938400269,0.9997161626815796,0.9999594688415527,0.999609649181366,7.3023016739171e-05,0.9992193579673767,0.9992193579673767,0.9992193579673767
252,0.9999999403953552,5.020877324568573e-06,0.9999186992645264,0.9999593496322632,1.0,0.9996097087860107,7.51213519833982e-05,0.9988294839859009,0.9992193579673767,0.9992193579673767
253,1.0,7.873345566622447e-07,1.0,1.0,1.0,0.9996097087860107,7.200737309176475e-05,0.9996095299720764,0.9992193579673767,0.9992193579673767
254,1.0,4.876282559962419e-07,1.0,1.0,1.0,0.9996097087860107,7.615755748702213e-05,0.9996095299720764,0.9992193579673767,0.9992193579673767
255,1.0,5.588723297478282e-07,1.0,1.0,1.0,0.9996097087860107,7.752297824481502e-05,0.9996095299720764,0.9992193579673767,0.9992193579673767
256,1.0,4.5470426357496763e-07,1.0,1.0,1.0,0.9996097087860107,7.219107646960765e-05,0.9996095299720764,0.9992193579673767,0.9992193579673767
257,1.0,5.629115662486583e-07,1.0,1.0,1.0,0.9996097087860107,7.009685941739008e-05,0.9996095299720764,0.9992193579673767,0.9992193579673767
258,1.0,4.6647616613881837e-07,1.0,1.0,1.0,0.9996097087860107,7.101923256414011e-05,0.9996095299720764,0.9992193579673767,0.9992193579673767
259,1.0,4.040026908569416e-07,1.0,1.0,1.0,0.9996097087860107,6.937943544471636e-05,0.9996095299720764,0.9992193579673767,0.9992193579673767
260,1.0,4.868979885941371e-07,1.0,1.0,1.0,0.9996097087860107,7.032132270978764e-05,0.9996095299720764,0.9992193579673767,0.9992193579673767
261,0.9999999403953552,4.1075159629144764e-07,1.0,1.0,1.0,0.9996097087860107,6.914545519975945e-05,0.9996095299720764,0.9992193579673767,0.9992193579673767
262,1.0,3.9544994479001616e-07,1.0,1.0,1.0,0.9996097087860107,6.916382699273527e-05,0.9996095299720764,0.9992193579673767,0.9992193579673767
263,1.0,3.395286682916776e-07,1.0,1.0,1.0,0.9996097087860107,6.883477180963382e-05,0.9996095299720764,0.9992193579673767,0.9992193579673767
264,1.0,4.132021160785371e-07,1.0,1.0,1.0,0.9996097087860107,6.736128852935508e-05,0.9996095299720764,0.9992193579673767,0.9992193579673767
265,1.0,3.3791263831517426e-07,1.0,1.0,1.0,0.9996097087860107,6.795547233195975e-05,0.9996095299720764,0.9992193579673767,0.9992193579673767
266,1.0,4.190556808225665e-07,1.0,1.0,1.0,0.9996097087860107,6.696483615087345e-05,0.9996095299720764,0.9992193579673767,0.9992193579673767
267,1.0,4.584981070365757e-07,1.0,1.0,1.0,0.9996097087860107,6.747514999005944e-05,0.9996095299720764,0.9992193579673767,0.9992193579673767
268,1.0,3.296799491181446e-07,1.0,1.0,1.0,0.9996097087860107,6.740324897691607e-05,0.9996095299720764,0.9992193579673767,0.9992193579673767
269,1.0,3.4096399303962244e-07,1.0,1.0,1.0,0.9996097087860107,6.753256457159296e-05,0.9996095299720764,0.9992193579673767,0.9992193579673767
270,1.0,2.827165701546619e-07,1.0,1.0,1.0,0.9996097087860107,6.745554128428921e-05,0.9996095299720764,0.9992193579673767,0.9992193579673767
271,1.0,4.0398009559794446e-07,1.0,1.0,1.0,0.9996097087860107,6.752147601218894e-05,0.9996095299720764,0.9992193579673767,0.9992193579673767
272,1.0,2.991319547618332e-07,1.0,1.0,1.0,0.9996097087860107,6.762136035831645e-05,0.9996095299720764,0.9992193579673767,0.9992193579673767
273,1.0,3.2195208632401773e-07,1.0,1.0,1.0,0.9996097087860107,6.774781650165096e-05,0.9996095299720764,0.9992193579673767,0.9992193579673767
274,0.9999999403953552,3.247966731123597e-07,1.0,1.0,1.0,0.9996097087860107,6.782075797673315e-05,0.9996095299720764,0.9992193579673767,0.9992193579673767
275,1.0,2.9764501618956274e-07,1.0,1.0,1.0,0.9996097087860107,6.799613038310781e-05,0.9996095299720764,0.9992193579673767,0.9992193579673767
276,0.9999999403953552,4.348092375039414e-07,1.0,1.0,1.0,0.9996097087860107,6.795378430979326e-05,0.9992193579673767,0.9992193579673767,0.9992193579673767
277,1.0,6.839766797384073e-07,1.0,1.0,1.0,0.9996097087860107,6.73974645906128e-05,0.9996095299720764,0.9992193579673767,0.9992193579673767
278,1.0,2.8548876684908464e-07,1.0,1.0,1.0,0.9996097087860107,6.717807991662994e-05,0.9996095299720764,0.9992193579673767,0.9992193579673767
279,1.0000001192092896,2.8805200713577506e-07,1.0,1.0,1.0,0.9996097087860107,6.716187635902315e-05,0.9996095299720764,0.9992193579673767,0.9992193579673767
280,1.0,3.3018685030583583e-07,1.0,1.0,1.0,0.9996097087860107,6.71720554237254e-05,0.9992193579673767,0.9992193579673767,0.9992193579673767
281,1.0,2.932404754574236e-07,1.0,1.0,1.0,0.9996097087860107,6.711233436362818e-05,0.9992193579673767,0.9992193579673767,0.9992193579673767
282,1.0,2.956668652132066e-07,1.0,1.0,1.0,0.9996097087860107,6.714380288030952e-05,0.9992193579673767,0.9992193579673767,0.9992193579673767
283,1.0,2.718181235650263e-07,1.0,1.0,1.0,0.9996097087860107,6.725986168021336e-05,0.9992193579673767,0.9992193579673767,0.9992193579673767
284,1.0,2.923189583725616e-07,1.0,1.0,1.0,0.9996097087860107,6.735377974109724e-05,0.9992193579673767,0.9992193579673767,0.9992193579673767
285,1.0,2.593334329503705e-07,1.0,1.0,1.0,0.9996097087860107,6.725174898747355e-05,0.9992193579673767,0.9992193579673767,0.9992193579673767
